Model vs Test,GABRA1,CHRM4,HCRTR1,HCRTR2,CHRM2,ADORA1
GABRA1,0.6768083363657817,-0.15893707061387738,-0.24002409560804733,-0.08643526988783595,-0.368954791747541,-0.1016961392259895
CHRM4,-0.14985614835663363,0.3485793394180984,0.13472538040537158,0.10248089163177206,0.5696026374524112,0.023143778240010578
HCRTR1,-0.5482611110135004,0.14574135541193453,0.7279351516475143,0.16200188103110122,0.4671657317614278,-0.07041812255593465
HCRTR2,-0.4014639088264339,-0.030580082144591486,-0.011419049395879902,0.6504725860938202,0.38619629986160475,-0.1301857377883686
CHRM2,-0.39016338138521434,0.5916311580736089,0.015560085099190223,-0.058608098470218736,0.6135876795767038,0.12853219032275973
ADORA1,0.006627377107668737,0.2777713686864314,-0.11710075192118037,-0.1078071517093431,0.26589436098359565,0.40074054662403197
